round,hour,load
0,1,11814.97795
0,2,16171.88266
0,3,20020.35488
0,4,14216.12812
1,1,11121.4325
1,2,17357.42703
1,3,18115.32336
1,4,15831.78916
2,1,12126.19509
2,2,15765.83456
2,3,18704.64957
2,4,14348.07408
3,1,16080.03324
3,2,17308.48752
3,3,17968.23112
3,4,16294.89845
4,1,12009.5376
4,2,16039.14657
4,3,19569.6693
4,4,13695.86213
5,1,14832.57359
5,2,16579.89177
5,3,17784.02121
5,4,15983.98614
6,1,12468.97586
6,2,12061.21711
6,3,13437.6024
6,4,14703.26252
