round,hour,load
0,1,11805.19186
0,2,16693.91804
0,3,19661.85071
0,4,14112.56936
1,1,11260.78771
1,2,17360.92144
1,3,18097.26957
1,4,16022.90049
2,1,12437.65572
2,2,15871.04282
2,3,18870.27913
2,4,14502.08779
3,1,14730.58413
3,2,15448.56041
3,3,18651.52751
3,4,16205.91704
4,1,12413.46026
4,2,15943.92678
4,3,19669.118
4,4,13910.34362
5,1,15689.44765
5,2,15273.83156
5,3,17825.6783
5,4,16400.38002
6,1,12401.79971
6,2,16823.28023
6,3,18825.21139
6,4,14752.99247
