round,hour,load
0,1,11805.19186
0,2,16693.91804
0,3,19661.85071
0,4,14112.56936
1,1,11260.78771
1,2,17360.92144
1,3,18097.26957
1,4,16022.90049
2,1,12126.19509
2,2,15765.83456
2,3,18704.64957
2,4,14348.07408
3,1,14730.58413
3,2,15448.56041
3,3,18651.52751
3,4,16205.91704
4,1,12413.46026
4,2,15943.92678
4,3,19669.118
4,4,13910.34362
5,1,15689.44765
5,2,15273.83156
5,3,17825.6783
5,4,16400.38002
6,1,12472.67035
6,2,8913.536825
6,3,11805.65833
6,4,14460.78811
