round,hour,load
0,1,11814.97795
0,2,16171.88266
0,3,20020.35488
0,4,14216.12812
1,1,11121.4325
1,2,17357.42703
1,3,18115.32336
1,4,15831.78916
2,1,12200
2,2,16000
2,3,18500
2,4,15000
3,1,15000
3,2,16200
3,3,18200
3,4,16000
4,1,12200
4,2,16000
4,3,19500
4,4,14000
5,1,15000
5,2,16200
5,3,18200
5,4,16000
6,1,12200
6,2,16000
6,3,19500
6,4,15000
